seed,model,epsilon,attack_success_rate,robustness_accuracy,mean_linf,mean_l2,accuracy,precision,recall,f1
42,vqc,0.0,0.0,0.56,0.0,0.0,0.56,0.631578947368421,0.4444444444444444,0.5217391304347826
42,vqc,0.05,0.7142857142857143,0.56,0.04875,0.083068006,0.56,0.5862068965517241,0.6296296296296297,0.6071428571428571
42,vqc,0.1,1.0,0.44,0.09050001,0.13505717,0.44,0.4838709677419355,0.5555555555555556,0.5172413793103449
42,vqc,0.2,0.8928571428571429,0.5,0.13499998,0.18587036,0.5,0.5357142857142857,0.5555555555555556,0.5454545454545454
42,vqc,0.3,0.6071428571428571,0.54,0.16800001,0.24181314,0.54,0.5769230769230769,0.5555555555555556,0.5660377358490566
42,classical,0.0,0.0,0.98,0.0,0.0,0.98,0.9642857142857143,1.0,0.9818181818181818
42,classical,0.05,0.0,0.98,0.05,0.09720815,0.98,0.9642857142857143,1.0,0.9818181818181818
42,classical,0.1,0.0,0.98,0.10000002,0.19314739,0.98,0.9642857142857143,1.0,0.9818181818181818
42,classical,0.2,0.0,1.0,0.20000003,0.38132882,1.0,1.0,1.0,1.0
42,classical,0.3,0.04081632653061224,0.96,0.30000004,0.5671891,0.96,1.0,0.9259259259259259,0.9615384615384616
43,vqc,0.0,0.0,0.66,0.0,0.0,0.66,0.6785714285714286,0.7037037037037037,0.6909090909090909
43,vqc,0.05,0.7575757575757576,0.44,0.049500003,0.0860096,0.44,0.4782608695652174,0.4074074074074074,0.44
43,vqc,0.1,0.9696969696969697,0.32,0.089499995,0.13775836,0.32,0.3333333333333333,0.25925925925925924,0.2916666666666667
43,vqc,0.2,0.8787878787878788,0.36,0.13599998,0.18658504,0.36,0.391304347826087,0.3333333333333333,0.36
43,vqc,0.3,0.5757575757575758,0.48,0.15450004,0.22694889,0.48,0.5185185185185185,0.5185185185185185,0.5185185185185185
43,classical,0.0,0.0,0.98,0.0,0.0,0.98,0.9642857142857143,1.0,0.9818181818181818
43,classical,0.05,0.0,0.98,0.045000006,0.08922549,0.98,0.9642857142857143,1.0,0.9818181818181818
43,classical,0.1,0.0,0.98,0.09000002,0.17760588,0.98,0.9642857142857143,1.0,0.9818181818181818
43,classical,0.2,0.0,1.0,0.18000002,0.3516636,1.0,1.0,1.0,1.0
43,classical,0.3,0.02040816326530612,0.98,0.27,0.5251121,0.98,1.0,0.9629629629629629,0.9811320754716981
44,vqc,0.0,0.0,0.76,0.0,0.0,0.76,0.7586206896551724,0.8148148148148148,0.7857142857142857
44,vqc,0.05,0.868421052631579,0.32,0.04975,0.087982506,0.32,0.34782608695652173,0.2962962962962963,0.32
44,vqc,0.1,0.9473684210526315,0.28,0.088999994,0.1340392,0.28,0.2857142857142857,0.2222222222222222,0.25
44,vqc,0.2,0.8421052631578947,0.34,0.122,0.1722344,0.34,0.39285714285714285,0.4074074074074074,0.4
44,vqc,0.3,0.6578947368421053,0.4,0.15750003,0.23417562,0.4,0.4482758620689655,0.48148148148148145,0.4642857142857143
44,classical,0.0,0.0,0.98,0.0,0.0,0.98,0.9642857142857143,1.0,0.9818181818181818
44,classical,0.05,0.0,0.98,0.05000001,0.099249974,0.98,0.9642857142857143,1.0,0.9818181818181818
44,classical,0.1,0.0,0.98,0.10000002,0.19754986,0.98,0.9642857142857143,1.0,0.9818181818181818
44,classical,0.2,0.0,1.0,0.20000003,0.38839656,1.0,1.0,1.0,1.0
44,classical,0.3,0.0,1.0,0.30000004,0.57940465,1.0,1.0,1.0,1.0
45,vqc,0.0,0.0,0.78,0.0,0.0,0.78,0.7857142857142857,0.8148148148148148,0.8
45,vqc,0.05,0.8717948717948718,0.32,0.049750004,0.08664263,0.32,0.34782608695652173,0.2962962962962963,0.32
45,vqc,0.1,0.9487179487179487,0.26,0.090500005,0.13412422,0.26,0.25,0.18518518518518517,0.2127659574468085
45,vqc,0.2,0.8205128205128205,0.36,0.12399998,0.16768849,0.36,0.3333333333333333,0.18518518518518517,0.23809523809523808
45,vqc,0.3,0.6923076923076923,0.4,0.17400004,0.23998459,0.4,0.44,0.4074074074074074,0.4230769230769231
45,classical,0.0,0.0,0.98,0.0,0.0,0.98,0.9642857142857143,1.0,0.9818181818181818
45,classical,0.05,0.0,0.98,0.047000006,0.09353551,0.98,0.9642857142857143,1.0,0.9818181818181818
45,classical,0.1,0.0,0.98,0.09400003,0.18490204,0.98,0.9642857142857143,1.0,0.9818181818181818
45,classical,0.2,0.0,1.0,0.18800001,0.36690372,1.0,1.0,1.0,1.0
45,classical,0.3,0.0,1.0,0.28200004,0.5494242,1.0,1.0,1.0,1.0
46,vqc,0.0,0.0,0.62,0.0,0.0,0.62,0.6428571428571429,0.6666666666666666,0.6545454545454545
46,vqc,0.05,0.9032258064516129,0.44,0.049500007,0.08647925,0.44,0.47619047619047616,0.37037037037037035,0.4166666666666667
46,vqc,0.1,0.9354838709677419,0.4,0.091000006,0.13971323,0.4,0.43478260869565216,0.37037037037037035,0.4
46,vqc,0.2,0.8387096774193549,0.44,0.14299999,0.19260508,0.44,0.4782608695652174,0.4074074074074074,0.44
46,vqc,0.3,0.6129032258064516,0.58,0.17400005,0.23754263,0.58,0.6363636363636364,0.5185185185185185,0.5714285714285714
46,classical,0.0,0.0,0.98,0.0,0.0,0.98,0.9642857142857143,1.0,0.9818181818181818
46,classical,0.05,0.0,0.98,0.05000001,0.0997749,0.98,0.9642857142857143,1.0,0.9818181818181818
46,classical,0.1,0.0,0.98,0.10000002,0.19755363,0.98,0.9642857142857143,1.0,0.9818181818181818
46,classical,0.2,0.0,1.0,0.20000003,0.38790652,1.0,1.0,1.0,1.0
46,classical,0.3,0.0,1.0,0.30000004,0.5733374,1.0,1.0,1.0,1.0
47,vqc,0.0,0.0,0.66,0.0,0.0,0.66,0.6923076923076923,0.6666666666666666,0.6792452830188679
47,vqc,0.05,0.696969696969697,0.54,0.05,0.08665059,0.54,0.5769230769230769,0.5555555555555556,0.5660377358490566
47,vqc,0.1,0.9696969696969697,0.36,0.09300001,0.14279974,0.36,0.4,0.37037037037037035,0.38461538461538464
47,vqc,0.2,0.7272727272727273,0.5,0.12299998,0.17536694,0.5,0.5333333333333333,0.5925925925925926,0.5614035087719298
47,vqc,0.3,0.6060606060606061,0.52,0.15150005,0.22779392,0.52,0.5428571428571428,0.7037037037037037,0.6129032258064516
47,classical,0.0,0.0,0.98,0.0,0.0,0.98,0.9642857142857143,1.0,0.9818181818181818
47,classical,0.05,0.0,0.98,0.019000001,0.037999984,0.98,0.9642857142857143,1.0,0.9818181818181818
47,classical,0.1,0.0,0.98,0.03800001,0.075,0.98,0.9642857142857143,1.0,0.9818181818181818
47,classical,0.2,0.0,1.0,0.07600002,0.15054984,1.0,1.0,1.0,1.0
47,classical,0.3,0.0,1.0,0.114000015,0.22664951,1.0,1.0,1.0,1.0
48,vqc,0.0,0.0,0.52,0.0,0.0,0.52,0.5789473684210527,0.4074074074074074,0.4782608695652174
48,vqc,0.05,0.8461538461538461,0.5,0.049000006,0.08440763,0.5,0.5333333333333333,0.5925925925925926,0.5614035087719298
48,vqc,0.1,0.8846153846153846,0.5,0.09,0.13196185,0.5,0.5333333333333333,0.5925925925925926,0.5614035087719298
48,vqc,0.2,0.7692307692307693,0.56,0.126,0.18039961,0.56,0.5925925925925926,0.5925925925925926,0.5925925925925926
48,vqc,0.3,0.6153846153846154,0.54,0.16500004,0.23885508,0.54,0.5666666666666667,0.6296296296296297,0.5964912280701754
48,classical,0.0,0.0,0.98,0.0,0.0,0.98,0.9642857142857143,1.0,0.9818181818181818
48,classical,0.05,0.0,0.98,0.05000001,0.099499986,0.98,0.9642857142857143,1.0,0.9818181818181818
48,classical,0.1,0.0,1.0,0.10000002,0.19882476,1.0,1.0,1.0,1.0
48,classical,0.2,0.0,1.0,0.20000003,0.39664948,1.0,1.0,1.0,1.0
48,classical,0.3,0.0,1.0,0.30000004,0.59182477,1.0,1.0,1.0,1.0
49,vqc,0.0,0.0,0.58,0.0,0.0,0.58,0.6,0.6666666666666666,0.631578947368421
49,vqc,0.05,0.8620689655172413,0.46,0.05,0.08817837,0.46,0.5,0.2962962962962963,0.37209302325581395
49,vqc,0.1,1.0,0.4,0.09250001,0.14152934,0.4,0.42105263157894735,0.2962962962962963,0.34782608695652173
49,vqc,0.2,0.8275862068965517,0.5,0.131,0.18380165,0.5,0.5454545454545454,0.4444444444444444,0.4897959183673469
49,vqc,0.3,0.7241379310344828,0.44,0.18300003,0.25220641,0.44,0.47619047619047616,0.37037037037037035,0.4166666666666667
49,classical,0.0,0.0,0.98,0.0,0.0,0.98,0.9642857142857143,1.0,0.9818181818181818
49,classical,0.05,0.0,0.98,0.049000006,0.09799998,0.98,0.9642857142857143,1.0,0.9818181818181818
49,classical,0.1,0.0,1.0,0.09800002,0.19553554,1.0,1.0,1.0,1.0
49,classical,0.2,0.0,1.0,0.19600002,0.38983098,1.0,1.0,1.0,1.0
49,classical,0.3,0.0,1.0,0.29400003,0.5810075,1.0,1.0,1.0,1.0
